,Date,Startup,Industry,Location,Investor,Type,Amount
0,01-04-2021,BYJU'S,Edu-tech,Bengaluru,Innoven Capital,Series F,"46,00,00,000"
1,05-04-2021,Meesho,E-commerce,Bengaluru,SoftBank Vision Fund 2,Series E,"30,00,00,000"
2,14-04-2021,Swiggy,Online Food Delivery,Bengaluru,"Amansa Holdings, Carmignac, Falcon Edge Capital, Goldman Sachs, Think Investments",Series J,"34,30,00,000"
3,07-04-2021,Groww,FinTech,Bengaluru,"MC Global Edtech, B Capital, Baron, others",Series D,"8,30,00,000"
4,14-04-2021,Beldara,E-commerce,Mumbai,Hindustan Media Ventures,Venture,"74,00,000"
5,04-03-2021,DealShare,E-commerce,"Jaipur, Rajasthan",Innoven Capital,Debt Financing,"25,00,00,000"
6,31-03-2021,Uniphore,Technology,Palo Alto,Sorenson Capital Partners,Series D,"14,00,00,000"
7,30-03-2021,Dunzo,E-commerce,Bengaluru,Krishtal Advisors Pte Ltd,Series E,"80,00,000"
8,30-03-2021,BYJU'S,Edu-tech,Bengaluru,"MC Global Edtech, B Capital, Baron, others",Series F,"46,00,00,000"
9,23-03-2021,SkilloVilla,Edu-tech,Bengaluru,"Titan Capital, others",Seed,"30,00,00,000"
10,25-03-2021,CityMall,E-commerce,Gurgaon,Accel Partners,Series A,"1,10,00,000"
11,26-03-2021,DotPe,FinTech,Gurgaon,PayU,Series A,"2,75,00,000"
12,11-02-2021,Doubtnut,Edu Tech,Gurgaon,"SIG Global, Sequoia Capital, WaterBridge Ventures and ON Mauritius",Series B,"25,00,000"
13,22-02-2021,Zomato,Hospitality,Gurgaon,"Tiger Global, Kora",Venture,"25,00,00,000"
14,19-02-2021,Fingerlix,Hospitality,Mumbai,"Rhodium Trust, Accel Partners and Swiggy",Series C,"27,47,045.20"
15,17-02-2021,Zolve,FinTech,Mumbai,Accel Partners and Lightspeed Venture Partners,Seed,"1,50,00,000"
16,15-02-2021,KreditBee,Finance,Bengaluru,Azim Premji’s PremjiInvest and South Korea’s Mirae Asset Venture,Series C,"7,50,00,000"
17,12-02-2021,Pepperfry,E-commerce,Mumbai,InnoVen Capital,Debt Financing,"47,73,958"
18,12-02-2021,Grofers,E-Commerce,Gurgaon,SoftBank Vision Fund (SVF),Unspecified,"5,50,00,000"
19,09-02-2021,Nothing,Technology,London,GV,Series A,"1,50,00,000"
20,09-02-2021,SplashLearn,EdTech,Gurgaon,Owl Ventures,Series C,"1,80,00,000"
21,15-01-2021,Digit Insurance,Financial Services,Bengaluru,"A91 Partners, Faering Capital, TVS Capital Funds",Venture,"1,80,00,000"
22,28-01-2021,Bombay Shaving Company,Consumer Goods Company,New Delhi,Reckitt Benckiser,Venture,"61,72,258.50"
23,19-01-2021,DeHaat,AgriTech Startup,Patna,Prosus Ventures,Series C,"3,00,00,000"
24,19-01-2021,Darwinbox,SaaS,Mumbai,Salesforce Ventures,Seed,"1,50,00,000"
25,18-01-2021,mfine,Health Tech Startup,Bengaluru,Heritas Capital Management,Venture Round,"1,60,00,000"
26,18-01-2021,Udayy,EdTech,Gurgaon,Sequoia Capital ,Seed Funding,"1,50,00,000"
27,11-01-2021,True Elements,Food Startup,Pune,SIDBI Venture Capital,Series,"10,00,00,000"
28,13-01-2021,Saveo,B2B E-commerce,Bengaluru,"Matrix Partners India, RTP Global, others",Seed,"40,00,000"
29,15-12-2020,Bira 91,Food and Beverage,New Delhi,"Nishant Mittal, Pankaj Chaddah and Shikha Sunil Chandak",Funding,"12,73,634.07"
30,21-12-2020,Pine Labs,Financial Services,Noida,Lone Pine Capital,Secondary Market,Undisclosed
31,15-12-2020,Zenoti,Technology Provider,Washington,Advent International,Series D,"16,00,00,000"
32,22-12-2020,Tax Buddy India,FinTech,Mumbai,Zenith Global,Seed,"10,00,000"
33,15-12-2020,Delhivery,Supply chain ,Gurgaon,Steadview Capital ,Secondary Market,"2,50,00,000"
34,18-12-2020,PagarBook,SaaS,Bengaluru,Sequoia Capital ,Series A,"1,50,00,000"
35,30-11-2020,Codingal,EduTech,Bengaluru,"Rebright Partners, Java Capital, and GSF Accelerator",Seed,"5,60,000"
36,30-11-2020,CRED,Financial Services,Bengaluru,DST Global,Series C,"8,00,00,000"
37,29-11-2020,Bira 91,Food and Beverage,New Delhi,"Sofina, Sequoia Capital, Sixth Sense Ventures, Neoplux",Bridge Funding,"30,00,000"
38,27-11-2020,Chumbak,Lifestyle,Bengaluru,Gaja Capital Fund (GCFII-A),Pre-series E,"10,01,047.92"
39,25-11-2020,Cityflo,Transportation,Mumbai,Lightbox Ventures,Series A,"77,00,000"
40,25-11-2020,Shipsy,SaaS,Gurgaon,"Sequoia Capital India’s Surge, Info Edge",Series A,"60,03,806"
41,25-11-2020,Unacademy,Edutech,Bengaluru,"Tiger Global Management, Dragoneer Investment Group",Venture ,"10,00,00,000"
42,24-11-2020,Cashfree,FinTech,Bengaluru,"Matrix Partners India, SAIF Partners, Ward Ferry Management and Bertelsmann India",Series B,"3,53,00,000"
43,30-11-2020,Credgenics,Fintech,Gurgaon,"Venture Capital firm, Accel Partners and DMI Finance",Pre-Series A,"35,00,000"
44,23-11-2020,Country Delight,Dairy Tech,Gurugram,Elevation Capital,Series C,"2,50,00,000"
45,28-10-2020,Nykaa,E-commerce,Mumbai,Alia Bhatt,Personal Investment,NA
46,28-10-2020,Betterplace,Digital Solutions,Bangalore,Jungle Ventures,Series B,"10,000,000
"
47,28-10-2020,FlexiLoans,FinTech,Mumbai,Falguni and Sanjay Nayar Family Office,Equity and Debt ,"2,01,60,000"
48,27-10-2020,GetVantage,FinTech,Mumbai,"Chiratae Ventures, Dream Incubators",Seed,"50,00,000"
49,27-10-2020,FreshToHome,E-commerce,Bangalore,"Corporation of Dubai (ICD), Ascent Capital, DFC, the Allana Group
",Series C,"12,10,00,000"
50,27-10-2020,Origo,AgriTech,Gurgaon,Northern Arc Capital,Debt ,"47,00,000"
51,27-10-2020,Origo,Advertising,Mumbai,Sequoia Capital India,Series A,"1,50,00,000"
52,15-10-2020,Treebo Hotels,Hospitality,Bangalore,"Matrix Partners India, SAIF Partners, Ward Ferry Management and Bertelsmann India",,"60,00,000"
53,26-10-2020,Hubilo,Information Technology,"Wilmington, Delaware, United States",Lightspeed Venture Partners,Seed,"45,00,000"
54,28-10-2020,CredAble,FinTech,Mumbai,Oaks Asset Management and V’Ocean Investment,Follow-On,"45,00,000"
55,21-10-2020,Pocket FM,Information Technology,Bangalore,"Tencent, Times Group and Lightspeed India",Series A,"55,00,000"
56,04-08-2020,InVideo,Technology,Bangalore,Sequoia India,Series A,"1,50,00,000"
57,08-09-2020,BYJU'S,EduTech,Bangalore,"Silver Lake, Tiger Global, General Atlantic and Owl Ventures
",Private Equity,"50,00,00,000"
58,12-09-2020,mCaffeine,Personal Care,Mumbai,"Amicus Capital Private Equity I LLP, Amicus Capital Partners India Fund I and RP-SG Venture Fund 1",Series B,"3,000,000
"
59,09-09-2020,Qshala,EduTech,Bangalore,Rainmatter Capital,Angel,"3,70,000"
60,02-09-2020,Winzo,Online Gaming,New Delhi,"Kalaari Capital Partners, IndigoEdge Management Consultancy",Series B,"1,55,00,000"
61,09-09-2020,Hippo Video,Video Customer Experience(CX) Platform,"Newark, Delaware, United States of Amercia","Alpha Wave Incubation, Exfinity Venture Partners and existing backers. 
",Series A,"45,00,000"
62,07-09-2020,Melorra,E-commerce,Bangalore,"Shadow Holdings, Lightbox.",Debt Financing,"89,00,000"
63,07-09-2020,1mg,E-commerce,Gurgaon,"Gaja Capital, Tata Capital, Partners Group",In Progress,"10,00,00,000"
64,31-08-2020,mfine,HealthTech,Bangalore,Caretech Pte Inc,Series B,"54,00,000"
65,31-08-2020,Apna,Human Resources,Bangalore,Lightspeed India and Sequoia Capital India,Series A,"80,00,000"
66,03-09-2020,Railofy,Transportation,Mumbai,Chiratae Ventures,Seed,"9,50,000"
67,08-09-2020,Cell Propulsion,Automobile,Bangalore,growX Ventures and Micelio,pre-Series A,NA
68,15-08-2020,Practo,HealthTech,Bangalore,"A1A Company
",Series F,"3,20,00,000"
69,13-08-2020,Medlife,E-commerce,Bangalore,Prasid Uno Family Trust and SC Credit Fund,,"23,000,000
"
70,13-08-2020,"HungerBox
",FoodTech,Bangalore,"One97, Sabre Partners Trust, Pratithi Investment Trust, and Srihari Kumar",Series D1,"15,60,000"
71,04-08-2020,Dunzo,Hyper-local Logistics,Bangalore,Existing Backers,In Progress,"3,00,00,000"
72,11-08-2020,Terra.do,EduTech,"Stanford, California, ","Stanford Angels and Entrepreneurs (India), BEENEXT Emerging Asia, Rainmatter Capital

",Seed,"14,00,000"
73,12-08-2020,Classplus,EduTech,Noida,Falcon Edge,In Progress,"1,50,00,000"
74,14-08-2020,Niyo,FinTech,Bangalore,Niyo Solutions Inc.,,"60,00,000"
75,10-08-2020,ZestMoney,FinTech,Bangalore,Primrose Hills Ventures,,"1,06,70,000"
76,07-08-2020,FreshToHome,E-commerce,Bangalore,Ascent Capital,Venture ,"1,62,00,000"
77,13-08-2020,Eduvanz,FinTech,Mumbai,"Sequoia India, Unitus",Series A,"50,00,000"
78,03-08-2020,CrowdPouch,FinTech,Bangalore,Elina Investments Pvt. Ltd,Angel,NA
79,04-08-2020,DrinkPrime,Water Purification,Bangalore,"Sequoia Surge, ON Mauritius",Pre-Series A,"28,80,000"
80,15-07-2020,Flipkart,E-commerce,Bangalore,"Walmart Inc
",M&A,"1,20,00,00,000"
81,16-07-2020,Vedantu,EduTech,Bangalore,Coatue Management,Series D,"100,000,000
"
82,16-07-2020,Crio,EduTech,Bangalore,021 Capital,pre-Series A,"9,34,160"
83,14-07-2020,goDutch,FinTech,Mumbai,"Matrix India,Y Combinator, Global Founders Capital, Soma Capital, and VentureSouq.",Seed,"17,00,000"
84,13-07-2020,"Mystifly
",Airfare Marketplace,Singapore and Bangalore,"Recruit Co. Ltd.

",pre-Series B,"33,00,000"
85,09-07-2020,JetSynthesys,Gaming and Entertainment,Pune,"Adar Poonawalla and Kris Gopalakrishnan.
",Venture-Series Unknown,"4,00,000"
86,10-07-2020,"gigIndia
",Marketplace,Pune,Incubate Fund India and Beyond Next Ventures,pre-Series A,"9,74,200"
87,15-07-2020,PumPumPum,Automotive Rental,Gurgaon,Early Adapters Syndicate,Seed,"2,92,800"
88,14-07-2020,FLYX,OTT Player,New York and Delhi,"Raj Mishra, founder of AIT Global Inc",pre-Seed,"2,00,000"
89,13-07-2020,Open Appliances Pvt. Ltd.,Information Technology,Bangalore,Unicorn India Ventures,Venture-Series Unknown,"5,00,000"
90,18-06-2020,Drishti Technologies,Technology,Mumbai,"Sozo Ventures
",Series B,"2,50,00,000"
91,17-06-2020,Stellaps,AgriTech,Bangalore,"Stride Ventures
",Debt Financing,"NA
"
92,17-06-2020,"Peppermint
",Industrial Robotics,Mumbai,Venture Catalysts and Naveen Kshatriya,Seed,NA
93,16-06-2020,Jai Kisan,Rural FinTech,Mumbai,Arkam Ventures and NABVENTURES Fund I,Pre-Series A,"39,34,941"
94,16-06-2020,"Biomoneta
",BioTech,Bangalore,"Beyond Next Ventures, ArthaVida Ventures and Dr. Aniruddha Malpani
",Seed,NA
95,15-06-2020,Sai Estate Management and Skills Institute,EdTech,Mumbai,"Suniel Shetty
",Angel,NA
96,15-06-2020,"LetsTransport

",Logistics Solution Provider,Bangalore,Stride Ventures,Venture - Series Unknown,"13,11,647"
97,10-06-2020,WayCool Foods,AgriTech,Chennai,Indusland Bank,Series C,"55,00,000"
98,11-06-2020,Myelin Foundry,Deep Tech AI,Bangalore,"Kris Gopalakrishnan’s family office — Pratithi.
",Seed,"10,00,000"
99,10-06-2020,Hapramp,"Block Chain, Cryptocurrency",Gurugram,Anand Mahindra,Seed,"10,00,000"
100,21-05-2020,leap.club,Professional Network for Women,Gurugram,"Whiteboard Capital (Sandeep Tandon’s VC fund), FirstCheque, Artha India Ventures, Sweta Rau (Founder, White Ventures), Amrish Rau (CEO Pinelabs, Founder Citrus Pay), Deepak Abbot (Former SVP, Paytm), and Harpreet Singh Grover (Co-founder, Co-Cubes) and others.
",Pre Seed,"3,40,000"
101,20-05-2020,Tring,Advertising,Mumbai,"Tencent, Ark Impact, KoKalyan Krishnamurthy of Flipkart, Sujeet Kumar of Udaan, Gaurav Munjal of Unacademy, Keshav Sanghi of VentureWorks India, Roman Saini of Unacademy, Hemesh Singh of Unacademy, and Sumit Jain of Opentalk amongst others. 
",Angel,"NA
"
102,20-05-2020,"Khatabook
",Utility Solutions Provider,Bangalore,"B Capital Group, Sequoia India, Partners of DST Global, Tencent, GGV, RTP Global, Hummingbird Ventures, Falcon Edge Capital, Rocketship.vc, Unilever Ventures, Kevin Weil, Alexander Will, Kunal Shah, Kunal Bahl, and Rohit Bansal


",Series B,"6,00,00,000"
103,19-05-2020,Vakilsearch,LegalTech,Chennai,"Udaan co-founder, Sujeet Kumar",Series A,NA
104,19-05-2020,"Lendingkart
",FinTech,Ahmedabad,"Fullerton Financial Holdings Pte Ltd (FFH) and Bertelsmann India Investments, Sistema Asia Fund and India Quotient. 
",Series D,"4,20,00,000"
105,21-05-2020,No Worry No Tension Healthcare (NWNT),Healthcare,New Delhi,"Amit Burman, Chairman of Dabur India,
",Pre Series A,NA
106,05-05-2020,"Classplus

",EduTech,Noida,"RTP Global, lume Ventures, Sequoia Capital India's Surge, Spiral Ventures, and Strive.",Series A,"90,00,000"
107,11-05-2020,Nykaa,E-commerce,Mumbai,Steadview Capital,Series F,"88,00,000"
108,13-05-2020,Magicpin,E-commerce,Gurugram,"Lightspeed Venture Partners, along with the participation of Moonstone Investments, WaterBridge Venture, The Bunting Family Private Fund, and Srivatsan Rajan
",Series C,"40,00,000"
109,18-05-2020,LetsTransport,Logistics Solution Provider,Bangalore,InnoVen Capital,Venture - Series Unknown,"17,00,000"
110,09-04-2020,Vedantu,EduTech,Bengaluru,Legend Capital,Series C1,"1,25,60,000"
111,06-04-2020,Swiggy,Online Food Delivery,Bengaluru,"Tencent, Ark Impact, Korea Investment Partners, Samsung Ventures, and Mirae Asset Capital Markets
",Series 1,"43,000,000
"
112,08-04-2020,"Zupee
",Gaming,Gurugram,"Matrix Partners India, Falcon Edge Capital, WestCap Group, Orios Venture Partners and Smile Group

",Series A,"80,00,000"
113,07-04-2020,DeHaat,AgriTech,Patna,"Sequoia Capital India, FMO, Omnivore and AgFunder.",Series A,"1,20,00,000"
114,15-04-2020,"BigBasket
",E-commerce,Bengaluru,Alibaba Group,Debt Financing,"5,00,00,000"
115,08-04-2020,Fingerlix,Food Delivery,Mumbai,"Accel, Zephyr Peacock, Swiggy, and RB Investments
",Series C,"18,00,000"
116,31-03-2020,"Nykaa

",E-commerce,Mumbai, Steadview Capital,Series F,"1,30,00,000"
117,02-04-2020,Recko,Digital Reconcilation and Financial Services,Bengaluru,Vertex Ventures Southeast Asia and India and Prime Venture Partners,Series A,"60,00,000"
118,04-03-2020,Soxytoes,E-commerce,Noida,Angel Networks,Angel,NA
119,02-03-2020,Chqbook.com,Finance,Gurugram,Aavishkaar Capital,Series A,"5,000,000
"
120,06-03-2020,"Paperboat
",E-commerce,Bengaluru,"Advent Management, A91 Emerging Fund, and Trifecta Venture.

",Debt Financing,"40,00,000"
121,13-03-2020,CollegeKhabri,EduTech,Bhopal,Vdiec Global,Angel,NA
122,12-03-2020,"FamPay
",Finance,Bengaluru,"Y Combinator, Venture Highway, Sequoia India, and GFC (Global Founders Capital). ",Seed,"47,00,000"
123,12-03-2020,MultiLiving,Real Estate,Mumbai,Lodha Ventures,Series A,"60,00,000"
124,12-03-2020,"Ola Electric
",Transport,Bengaluru,Pawan Munjal Family Trust,Series B,"10,00,000"
125,12-03-2020,Mera Kisan ,Food Production,Pune,Ajinkya Rahane,Private Equity,NA
126,03-02-2020,1mg,E-commerce,Gurugram,Bill & Melinda Gates Foundation ,Venture Series,"1,00,00,000"
127,03-02-2020,RACEnergy,Transportation,Hyderabad,GrowX Ventures,Seed,"NA
"
128,31-01-2020,"Adonmo
",Advertising,Hyderabad,BAce Capital,Pre-Series A,"30,00,000"
129,31-01-2020,DoubtNut,Education,Gurugram,Tencent Holdings,Series A,"1,50,00,000"
130,30-01-2020,MultiplyMyLeads,Real Estate,New Delhi,Frontline Strategy Funds and SucSEED Venture Partners.,Venture Series,NA
131,03-02-2020,Embibe,EduTech,Mumbai,Reliance Industries Limited (RIL),Venture Series,"1,26,25,020"
132,10-02-2020,"FirstCry
",E-commerce,Pune,Softbank Vision Fund,Series E,"29,60,00,000"
133,10-02-2020,Pepperfry,E-commerce,Mumbai,Pidilite Industries,Series F,"3,70,00,000"
134,18-02-2020,MaxWholesale,E-commerce,New Delhi,IAN Fund and Al Falaj Investment Co,Series A,"30,00,000"
135,06-02-2020,Dot,Information Technology and Services,Gurgaon,PayU and Fosun RZ Capital,Seed,"80,00,000"
136,05-02-2020,AlphaVector,Transport,Mumbai,Avaana Capital and Titan Capital,Venture Series ,NA
137,05-02-2020,WizKlub,EduTech,Bangalore,Incubate Fund India and Insitor Impact Asia Fund,Seed,"10,00,000"
138,14-02-2020,Friyey,Co-working Spaces,Pune,Tarun Bhalla,Seed,NA
139,14-02-2020,Simsim,E-commerce,New Delhi,Accel Partners,Series B,"80,00,000"
140,11-02-2020,Moengage,Intelligent Marketing Cloud,San Francisco/ Bangalore,Eight Roads Ventures,Series C,"2,50,00,000"
141,11-02-2020,Chaayos,Cafe,New Delhi,"Think Investment, Tiger Global, SAIF Partners, Integrated Capital and Neeraj Arora and Innoven Capital

",Series B,"2,15,00,000"
142,19-02-2020,Unacademy,EduTech,Bangalore,"General Atlantic, Sequoia Capital India, and Facebook",Series D,"11,00,00,000"
143,09-01-2020,BYJU'S,E-Tech,Bengaluru,Tiger Global Management,Private Equity Round,"20,00,00,000"
144,13-01-2020,Shuttl,Transportation,Gurgaon,Susquehanna Growth Equity,Series C,"80,48,394"
145,09-01-2020,Mamaearth,E-commerce,Bengaluru,Sequoia Capital India,Series B,"1,83,58,860"
146,02-01-2020,https://www.wealthbucket.in/,FinTech,New Delhi,Vinod Khatumal,Pre-series A,"30,00,000"
147,02-01-2020,Fashor,Fashion and Apparel,Mumbai,Sprout Venture Partners,Seed Round,"18,00,000"
148,13-01-2020,Pando,Logistics,Chennai,Chiratae Ventures,Series A,"90,00,000"
149,10-01-2020,Zomato,Hospitality,Gurgaon,Ant Financial,Private Equity Round,"15,00,00,000"
150,12-12-2019,Ecozen,Technology,Pune,Sathguru Catalyzer Advisors,Series A,"60,00,000"
151,06-12-2019,CarDekho,E-Commerce,Gurgaon,Ping An Global Voyager Fund,Series D,"7,00,00,000"
152,03-12-2019,Dhruva Space,Aerospace,Bengaluru,"Mumbai Angels, Ravikanth Reddy",Seed,"5,00,00,000"
153,13-12-2019,Rivigo,Technology,Gurgaon,"SAIF Partners, Spring Canter Investment Ltd.",Series F,"2,00,00,000"
154,17-12-2019,Healthians,B2B-focused foodtech startup,Bengaluru,"Paytm, NPTK, Sabre Partners and Neoplux",Series C,"1,20,00,000"
155,16-12-2019,Licious,E-Commerce,Bengaluru,Vertex Growth Fund,Series E,"3,00,00,000"
156,16-12-2019,InCred,Finance,Mumbai,,Debt Funding,"59,00,000"
157,14-12-2019,Trell,Video,Bengaluru,Ruizheng Investment,Seed Round,"20,00,000"
158,11-12-2019,Rein Games,Gaming,Noida,Manipal Education and Medical Group (MEMG),Seed Round,"5,00,00,000"
159,20-12-2019,Lenskart.com,E-Commerce,Faridabad,SoftBank Vision Fund,Series G,"23,10,00,000"
160,13-11-2019,Freshworks,Software,San Francisco,"Sequoia, CapitalG, Accel",Series H,"15,00,00,000"
161,14-11-2019,Misters,Health and wellness,Gurgaon,"Sauce.vc, Rainforest Ventures",Series B,"4,86,000"
162,13-11-2019,Sunstone Eduversity Pvt. Ltd,Education,Gurgaon,"Prime Venture Partners, LetsVenture, PS1 Venture and GlobalLogic co-founder Rajul Garg",Seed,"15,00,000"
163,17-11-2019,Burger Singh,Food and Beverage,Gurgaon,RB Investments,Venture,undisclosed
164,18-11-2019,Healthians,Health and Wellness,Gurgaon,"DG Daiwa Ventures, DG Incubation",Series B,"1,20,00,000"
165,15-11-2019,Ninjacart,B2B Marketing,Bengaluru,Trifecta Capital Advisors,Debt Funding,"2,60,00,000"
166,20-11-2019,Aye Finance ,FinTech,Gurgaon,FinTech,Debt Funding,"1,74,11,265"
167,12-11-2019,SuperGaming ,Video Games,Pune,Dream Incubator,Seed Funding,"13,00,000"
168,20-11-2019,Clumio,SaaS,"San Jose,","Altimeter Capital, Sutter Hill Ventures",Series C,"13,50,00,000"
169,11-11-2019,eBikeGo,Last Mile Transportation,Amritsar,Startup Buddy,Seed,"3,00,000"
170,19-11-2019,Digital Mall Asia,E-Commerce,Delhi,Amour Infrastructure,Seed Funding,"22,00,00,000"
171,18-11-2019,Medikabazaar,Healthcare,Mumbai,"Ackermans & van Haaren, HealthQuad, Rebright Partners, Toppan Printing",Series B,"1,58,00,000"
172,15-11-2019,Vogo Automotive,Last Mile Transportation,Kormangala,"Matrix Partners, Stellaris Venture Partners, Kalaari Capital",Series B,"28,30,00,000"
173,19-11-2019,Furtados School of Music,Education,Tulangan, IAN Fund and DSG Consumer Partners,,"20,00,00,000"
174,25-11-2019,Paytm,FinTech,Noida,Vijay Shekhar Sharma,Funding Round ,"1,00,00,00,000"
175,04-10-2019,Dunzo,Customer Service,Bengaluru,Lightbox,Series D,"4,50,00,000"
176,02-10-2019,Udaan,B2B,Bengaluru,"Altimeter Capital, DST Global",Series D,"58,50,00,000"
177,21-10-2019,"The Man Company 
",Consumer Goods,Gurgaon,Ayushmann Khurana,Corporate Round,unknown
178,05-09-2019,FPL Technologies,FinTech,Pune,"Matrix Partners India, Sequoia India",Maiden Round,"45,00,000"
179,04-09-2019,Cashflo,FinTech,Mumbai,SAIF Partners,Series A,"33,00,000"
180,04-09-2019,Digital F5,"Advertising, Marketing",Mumbai,TIW Private Equity,Private Equity Round,"60,00,000"
181,04-09-2019,3rdFlix,SaaS,Hyderabad,Exfinity Venture Partners,pre-series A,"50,00,000"
182,04-09-2019,75F,IoT,Burnsville,Breakthrough Energy Ventures,Series A,"1,80,00,000"
183,04-09-2019,Myelin Foundry,Information Technology,Bengaluru,Endiya Partners,Seed,"10,00,000"
184,04-09-2019,Atomberg Technology,Consumer Technology,Mumbai,A91 Partners,Series A,"1,00,00,000"
185,04-09-2019,GOQii,Health and Wellness,Menlo Park,Bennett Coleman and Company Ltd (BCCL),Series C,"45,00,00,000"
186,03-09-2019,Vyapar App,Accounting,Bengaluru,"India Quotient, Axilor Ventures",Series A,"50,00,000"
187,,,,,,,
188,01-08-2019,CarDekho,E-Commerce,Gurgaon,SC GG India Mobility Holdings LLC,Series C,"2,00,00,000"
189,01-08-2019,Progcap,Finance,New Delhi,Sequoia India,Series A,"50,00,000"
190,01-08-2019,MyPetrolPump,Retail,Bengaluru,,Seed Funding Round,"16,00,000"
191,01-08-2019,Alteria Capital,Finance,Mumbai,"Azim Premji, Binny Bansal",Single Venture,"14,00,00,000"
192,01-08-2019,Pine Labs,Information Technology,Noida,Pine Labs Pte Ltd,Corporate Round,"3,80,80,000"
193,12-08-2019,Meesho,E-Commerce,Bengaluru,Naspers,Series D,"12,50,00,000"
194,13-08-2019,Cars24,E-Commerce,Gurugram,MS Dhoni,Series D,"1,10,00,000"
195,13-08-2019,Uniphore,Customer Service Platform,Palo Alto ,March Capital Partners,Series C,"5,10,00,000"
196,23-08-2019,Zendrive,Automotive,San Francisco,XL Innovate,Series B,"3,70,00,000"
197,23-08-2019,Lo! Foods,Consumer Goods,Bengaluru,"Rashmi Daga (founder, FreshMenu), Raveen Sastry (co-founder, Myntra) and Mitesh Shah (finance chief, BookMyShow)",Seed Round,"5,00,000"
198,23-08-2019,Tala,FinTech,Santa Monica,RPS Ventures,Series D,"11,00,00,000"
199,22-08-2019,INDwealth,FinTech,Gurgaon,Tiger Global Management,Venture Round,"1,50,00,000"
200,21-08-2019,HungerBox,Food and Beverage,Bengaluru,One97 Communications Ltd.,Series C,"65,90,000"
201,23-08-2019,AdmitKard,EdTech,Noida,Growth DNA,Seed Round,"10,00,000"
202,19-08-2019,Mishry Reviews,Services,Gurgaon,Vir Sanghvi,Series A,Undisclosed
203,19-08-2019,Grofers,E-Commerce,Gurgaon,Softbank Vision Fund,Series F,"7,00,00,000"
204,27-08-2019,Rapido Bike Taxi,Transportation,Bengaluru,Westbridge Capital,Series B,"3,90,00,00,000"
205,02-07-2019,RenewBuy,Finance,Gurgaon,"Lok Capital, IIFL Wealth",Series B,"1,90,00,000"
206,02-07-2019,Atlan,Information Technology,Singapore,WaterBridge Ventures,Pre-Series A,"25,00,000"
207,01-07-2019,WizCounsel,Compliance,New Delhi,Kapil Dev,Angel,"1,45,000"
208,03-07-2019,Ola Cabs,Transport,Kormangala,"DIG Investment Ab, Deshe Holdings, Samih Toukan and Hussam Khoury",Series J,"10,00,000"
209,01-07-2019,Uniphore,Artificial Intelligence,Taramani,March Capital Partners,Series C,"3,80,80,000"
210,04-07-2019,Daalchini Technologies,Food and Beverage,New Delhi,Artha Venture,Seed Round,"5,00,000"
211,10-07-2019,BYJU'S,EdTech,Bengaluru,Qatar Investment Authority,Private Equity Round,"15,00,00,000"
212,11-07-2019,Moglix,E-Commerce,Singapore,"Composite Capital Management, Sequoia Capital India, Tiger Global Management",Series D,"6,00,00,000"
213,10-07-2019,Ezyhaul,Tech,Singapore,Undisclosed,Series B,"1,60,00,000"
214,10-07-2019,Indus OS,Tech,Andheri,Ventureast,Series B,"57,50,000"
215,10-07-2019,HealthAssure,Health Care,Mumbai,Blume Ventures,Series A,"25,00,000"
216,09-07-2019,House of Msasaba,Luxury Label,Mumbai,Binny Bansal,Series A,"10,00,000"
217,08-07-2019,Board Infinity,EdTech,Chembur,Multiple Angel Investors,Angel Round,"3,19,605"
218,05-06-2019,NoBroker,E-Commerce,Bengaluru,General Atlantic,Series C,"5,10,00,000"
219,04-06-2019,Bira91,Food and Beverage,New Delhi,Anicut Capital,Debt Funding,"1,00,00,000"
220,03-06-2019,FabHotels,E-Commerce,Gurgaon,"Goldman Sachs, Accel Partners and Qualcomm",,"48,89,975.54"
221,03-06-2019,Avail Finance,Finance,Bengaluru,Matrix Partners,Series A,"90,00,000"
222,04-06-2019,BharatPe,Finance,New Delhi,Insight Partners,Series B,"7,50,00,000"
223,04-06-2019,Recykal,Waste Management Service,Hyderabad,"Triton Investment Advisors, Pidilite Industries director Ajay Parekh ",pre-Series A,"2,60,00,000"
224,03-06-2019,Agara Labs,Deep-Tech,Bengaluru,Blume Ventures and RTP Global,pre-Series A,"25,00,000"
225,06-06-2019,Sistema.bio,Agriculture,Nairobi,"Shell Foundation, DILA CAPITAL, Engie RDE Fund, EcoEnterprise Fund, EDFIMC (ElectriFI), Endeavor Catalyst Fund, CoCapital, Triodos, Alpha Mundi, and Lendahand",,"27,39,034.68"
226,06-06-2019,Chakr Innovation,Energy,New Delhi,IAN Fund,Series A,"2,60,00,000"
227,06-06-2019,Pratilipi,Digital Media,Bengaluru,Qiming Venture Partners ,Series B,"1,51,09,500.00"
228,10-06-2019,Bolo App,Digital Media,Bengaluru ,Nexus Venture Partners,Seed Funding,"4,30,200"
229,10-06-2019,OkCredit,FinTech,Haryana,Tiger Global Management,Series A,"1,55,00,000"
230,06-06-2019,Biz2Credit,FinTech,New York,WestBridge Capital,Series B,"5,20,00,000"
231,08-06-2019,Vogo Automotive Pvt. Ltd.,Transportation,Karnataka,Alteria Capital,Debt Funding,"35,84,000"
232,04-06-2019,Leegality,Services,Mumbai/Bengaluru,Mumbai Angels,Series A,"34,00,000"
233,06-05-2019,Ola Electric ,Transport,Bengaluru,Tata Sons,Series A,
234,06-05-2019,Saahas Zero Waste ,Waste Management Service,Bengaluru,C4D Partners, Venture - Series Unknown,"8,68,600"
235,05-05-2019,StyleDotMe ,E-commerce,Delhi,"Indian Angel Network and other angel investors, Innov8 founder Ritesh Malik, Josh Talks founders Supriya Paul and Shobha Banga, and former Hero Corporate president Rohit Chanana",Bridge Round,undisclosed
236,01-05-2019,BlackBuck ,Transport,Bengaluru,"Goldman Sachs Investment Partners and Silicon Valley-based Accel, Wellington, Sequoia Capital, B Capital, LightStreet, Sands Capital and International Finance Corporation,",Series D,"15,00,00,000"
237,02-05-2019,Zenoti ,Saas,Hyderabad,Tiger Global Management,Series C,"5,00,00,000"
238,28-05-2019,Ather Energy,Automobile,Bengaluru,Sachin Bansal,Series C,"5,10,00,000"
239,28-05-2019,FreshVnF,Agtech,Mumbai,Equanimity Ventures,Seed Round,"14,00,00,000"
240,30-05-2019,GlowRoad,E-commerce,Bengaluru,"Korea Investment Partners, Vertex Ventures",Series B,"1,15,00,000"
241,31-05-2019,Bira91,Food and Beverage,New Delhi,Sixth Sense Ventures,Series B,"56,00,000"
242,16-04-2019,Kuvera,Finance,Bengaluru,Eight Roads,Series A,
243,12-04-2019,Medlife,E-commerce,Bengaluru,Prasid Uno Family Trust,Private Equity,"1,70,00,000"
244,10-04-2019,Kabadiwala,E-commerce,Bhopal,"Unilever, Beehive Capital Advisor, ABCOM Investments, Parekh Marine Transport, ",Private Equity,"4,30,665"
245,13-04-2019,Tripoto,Social Media,New Delhi,"Orchid India, Hornbill Orchid India Fund, Chiratae Ventures (formerly IDG Ventures), 3one4 Capital, Lasmer NV",Series B,"35,91,375"
246,12-04-2019,Azah,Health and Wellness,Gurugram,Unnamed angel investors,Seed Funding,"2,00,000"
247,11-04-2019,Setu,Fintech,Bengaluru,Lightspeed India Partners,Seed Funding,"35,00,000"
248,10-04-2019,Toppr,Edtech,Mumbai,Milestone ,Debt and Preference capital,"63,20,820"
249,10-04-2019,Craftsvilla,E-commerce,Mumbai,Supera Pte Ltd,Inhouse Funding,"24,43,495"
250,10-04-2019,Unacademy,Edtech,Bengaluru,Kalyan Krishnamurthy,Seed/ Angel Funding,"3,07,000"
251,11-04-2019,CleverTap,SaaS,Mumbai,"Sequoia India, Tiger Global Management, Accel Partners",Series B,"2,60,00,000"
252,19-04-2019,My Healthcare,E-commerce,Bengaluru and Gurugram,Sixth Sense Ventures,Series A,"30,00,000"
253,19-04-2019,KrazyBee,E-commerce,Bengaluru,"BAC Acquisitions, Unifi AIF, BRD Securities, Northern R Capital",Debt,"1,43,42,000"
254,17-04-2019,Shuttl,Transportation,Gurugram,New Atlantic Ventures,Venture Round,"50,00,000"
255,17-04-2019,Increff,Technology,Bengaluru,"021 Capita, Binny Bansal",Series A,"30,00,000"
256,01-02-2019,FleetX,AI,Gurgaon,India Quotient and LetsVenture’s Angel Fund,Pre Series A,
257,08-02-2019,Zilingo,Ecommerce,India/Singapore,"Sequoia Capital and Temasek Holdings, EDBI, Burda Principal Investments, and Sofina",Series D,"22,60,00,000"
258,13-02-2019,NanoClean Global,Nanotechnology,New Delhi,"LetsVenture, PitchRight Venture, 91SpringBoard, AL Nour International Holdings and Mark V Investments",Series A,"6,00,000"
259,14-02-2018,OyoRooms,Hospitality,Gurgaon,DiDi Chuxing,Equity,"10,00,00,000"
260,03-01-2019,CarDekho,Automobile,Jaipur,"Sequoia India, Hillhouse Capital, Alphabet’s growth investment arm Capital G and Axis Bank",Series C,
261,04-01-2019,Vyome Therapeutics Inc. ,Health and Wellness,India/US,"Iron Pillar, Perceptive Advisors, Romulus Capital and Kalaari Capital",Series D,"2,20,00,000"
262,04-01-2019,Samunnati Financial Intermediation & Services Pvt. Ltd,Finance,Chennai,"MASSIF, a Dutch government fund",Debt-Funding,"50,00,000"
263,04-12-2018,Manch,Social Media,Delhi, Stellaris Venture Partners ,Seed Funding,"7,00,000"
264,01-12-2018,UrbanClap Technologies Pvt. Ltd,Services Platform,New Delhi,Steadview Capital and Vy Capital.,Series D,
265,02-12-2018, Guiddoo ,Travel Tech,Mumbai,Individual Investors,Pre-Series A ,"8,00,000"
266,02-12-2018,Career Anna ,Online Education,Gurugram,Individual Investors,Pre-Series A ,"5,72,000"
267,04-12-2018,Nagpur Wholesale,Online Marketplace,Nagpur,Omphalos Ventures India LLP,Seed Funding,"1,43,000"
268,06-12-2018,ShopKirana,B2B,Indore," Info Edge, AET Fund, Akatsuki and Incubate Fund from Japan and Better Capital AngelList syndicate.",Seed Funding,"20,00,000"
269,06-12-2018,BuildSupply,"SaaS, Ecommerce",Gurugram,"Venture Highway, GREE Ventures, Space Matrix, Individual Investors",Series A,"35,00,000"
270,01-11-2018,GoDesi,Food and Beverage,Bengaluru,Lead Angels Network,Seed/ Angel Funding,
271,03-11-2018,Veritas Finance Ltd.,NBFC,Chennai,"Norwest Venture Partners, CDC Group, the UK’s Development Finance Institution and P Surendra Pai",Series D,"2,77,99,000"
272,06-11-2018,Meesho,Ecommerce,Bengaluru,"Shunwei Capital, DST Partners and RPS Ventures",Series C,"5,00,00,000"
273,08-11-2018,Mobile Premier League,Gaming,Bengaluru,Undisclosed,Series A,"5,00,000"
274,08-11-2018,A&R Bon Vivants,Food,Jaipur,"RB Investments, Singapore",Equity ,"10,00,000"
275,12-11-2018,Blackbuck,Food Tech,"New York, Bengaluru",Tiger Global,Series A,"10,00,000"
276,12-11-2018,MilkBAsket,Food,New Delhi,Mayfield Fund,Series B,"13,00,000"
277,13-11-2018,DriveU,Transport,Bengaluru,Stevens Creek Ventures,Mezzanine,"10,00,000"
278,14-11-2018,CleanseCar,Services,Bengaluru,Venture Catalysts,Seed/ Angel Funding,"5,00,000"
279,19-11-2018,Automation Anywhere,Automation,California,SoftBank Vision Fund,Series B,"30,00,00,000"
280,20-11-2018,HealthifyMe,Health and Wellness,Bengaluru,"Sistema Asia Fund, VC Samsung NEXT, Chiratae Ventures, Inventus Capital, Blume Ventures and Innoven Capital.",Series B (Extension),"60,00,000"
281,21-11-2018,Genius Corner,Education,Noida,Individual investors ,Seed Funding,"2,78,000"
282,22-11-2018,Aavishkaar-Intellecap Group,Investment,Mumbai,Teachers Insurance and Annuity Association (TIAA),Equity Based Funding,"3,10,00,000"
283,22-11-2018,Skillbox,Social Network,Gurugram,Individual investors ,Seed Funding,Undisclosed
284,23-11-2018,Signzy,Financial Tech,Mumbai/Bengaluru,"Stellaris Venture Partners and Kalaari Capital, Rajan Anandan from Google, Dilip Khandwelwal from SAP Labs India, and Amrish Rau from PayU India",Series A,"34,00,000"
285,24-11-2018,Engineer.ai ,Software,India/US,"Lakestar and Jungle Ventures, Softbank’s DeepCore.",Series A,"2,95,00,000"
286,25-11-2018, InCred Finance,Finance,India,"Paragon Partners, Individual Investors",Private Equity,"4,20,00,000"
287,25-11-2018, Roposo,Social Media,Delhi,Bertelsmann India Investments ,Series B,"17,00,000"
288,01-10-2018,Northmist,Fashion,Delhi,Prashant Jaiswal,Seed/ Angel Funding,N/A
289,02-10-2018,Origo Commodities India Pvt. Ltd,Logistics,Hyderabad,"Cooperative Oikocredit, Caspian and Hivos-Triodos Fund ",Seed/ Angel Funding,"1,10,00,000"
290,04-10-2018,Grover Zampa,Food,Mumbai,Ravi Viswanathan,Private Equity,"82,00,000"
291,05-10-2018,Droom,Automobile,Gurgaon,ZigExN,Series E,"30,00,000"
292,11-10-2018,Innov8,Real Estate,New Delhi,Credence Family Office,Pre-Series A,"40,00,000"
293,12-10-2018,Blackbuck,Logistics Tech,Bengaluru,Sequoia Capital India,Private Funding,"1,46,80,000"
294,12-10-2018,LetsTransport,Logistics Tech,Bengaluru,Fosun International,Series C,"1,20,00,000"
295,01-09-2018,Netmeds,Consumer Internet,Chennai,"Sistema Asia Fund, Sistema JSFC and Tanncam Investment",Private Equity,"3,50,00,000"
296,03-09-2018,Udaan,B2B Platform,Bengaluru,DST Global and Lightspeed Venture Partners’ global fund.,Private Equity,"22,50,00,000"
297,03-09-2018,Daily hunt,Consumer Internet,Bengaluru,Falcon Edge,Private Equity,"63,90,000"
298,04-09-2018,3HCare,Healthcare,Delhi,N/A,Seed / Angel Funding,"10,00,000"
299,04-09-2018,HappyGoEasy,Consumer Internet,Gurugram,"Korea Investment Partners (KIP), Samsung and China-based CITIC Capital and others",Private Equity,N/A
300,05-09-2018,Nykaa,Consumer Internet,Mumbai,Lighthouse,Private Equity,"15,72,00,000"
301,05-09-2018,Mad Street Den,Technology,Chennai,KDDI ,Private Equity,N/A
302,06-09-2018,Dream11,Consumer Internet,Mumbai,"Tencent, Kalaari Capital and Private equity firm Multiples Alternate Asset Management",Private Equity,"10,00,00,000"
303,10-09-2018,MamaEarth,Healthcare,Gurugram,Stellaris Ventures & Others,Private Equity,"40,00,000"
304,11-09-2018,AutoGrid,Technology,Bengaluru,"CLP Holdings Group, Innogy, Ørstead, and Tenaska",Private Equity,"3,20,00,000"
305,11-09-2018,Pharmeasy,Consumer Internet,Mumbai,InnoVen Capital,Debt Funding,"55,00,000"
306,11-09-2018,Upwards,Fin-Tech,Mumbai,"Shunwei Capital,Quotient, Mayfield & Others",Private Equity,"50,00,000"
307,12-09-2018,Kissht,Fin-Tech,Mumbai,"Vertex Ventures Southeast Asia (SEA) and India and Sistema Asia Fund, Fosun RZ Capital, Ventureast, and Endiya Partners.

",Private Equity,"3,00,00,000"
308,,,,,,,
309,01-08-2018,dishq,Food-Tech,Bengaluru,"Farm To Fork, Arts Alliance, The Syndicate Fund, Sven Hensen, Zeroth and Artesian Venture Partners ",Seed/ Angel Funding,"4,00,000"
310,01-08-2018,HealthFin,Finance,Pune,"Axilor, Sprout Venture Partners and others",Seed/ Angel Funding,N/A
311,02-08-2018,Samosa Labs,Consumer Internet,Hyderabad,Xiaomi and Sequoia Capital India,Private Equity,"70,00,000"
312,03-08-2018,ZiffyHomes,Consumer Internet,Gurugram,Y Combinator,Private Equity,"1,20,000"
313,07-08-2018,My OmNamo,Consumer Internet,Mumbai,N/A,Seed/ Angel Funding,"10,00,000"
314,07-08-2018,ShopX,Consumer Internet,Bengaluru,Fung Strategic Holdings,Private Equity,"3,50,00,000"
315,07-08-2018,MakeMyTrip,Consumer Internet,Gurugram,MakeMyTrip Limited,Private Equity,"1,00,00,000"
316,08-08-2018,Hansel io,Consumer Internet,Bengaluru,Vertex Ventures,Seed/ Angel Funding,"40,00,000"
317,08-08-2018,Metro Bikes,Consumer Internet,Bengaluru,"Sequoia Capital India Advisors, Accel Partners and G Raghunandan",Private Equity,"1,22,00,000"
318,08-08-2018,Phone Pe,Consumer Internet,Bengaluru,Flipkart,Private Equity,"6,60,00,000"
319,09-08-2018,quizizz,Ed-Tech,Bengaluru,"Nexus Venture Partners, Prime Venture Partners and Others",Seed/ Angel Funding,"30,00,000"
320,09-08-2018,Happy EMI,Fin-Tech,Bengaluru,AJ Ventures and Jain International Trade Organisation (JITO),Seed/ Angel Funding,"10,00,000"
321,13-08-2018,Inthree,Consumer Internet,Chennai,"Ventureast, Orios Venture Partners and the IAN Fund",Seed/ Angel Funding,"40,00,000"
322,13-08-2018,Observe AI,Technology,Bengaluru,"Nexus Venture Partners, MGV, Liquid 2 Ventures, Hack VC, Emergent Ventures and Y Combinator",Private Equity,"80,00,000"
323,16-08-2018,Enakshi,Consumer Internet,Ahemadabad,N/A,Seed/ Angel Funding,"1,14,811"
324,17-08-2018,EazyDiner,Consumer Internet,Gurugram,Denlow Investment Trust and Beenext,Private Equity,"58,50,000"
325,20-08-2018,Finzy,Finance,Bengaluru,N/A,Seed / Angel Funding,"10,00,000"
326,20-08-2018,RawPressery,Consumer Internet,Mumbai,Alteria Capital,Debt Funding,"48,00,000"
327,22-08-2018,Pi Ventures,Technology,Bengaluru,CDC Group plc ,Private Equity,"60,00,000"
328,22-08-2018,Revv,Consumer Internet,Gurugram,"Hyundai, Edelweiss and Beenext, Dream Incubator, Sunjay Kapoor and Telama Investment",Private Equity,"1,42,70,000"
329,26-08-2018,ZestMoney,Consumer Internet,Bengaluru,"Xiaomi,PayU, Ribbit Capital and Omidyar Network ",Private Equity,"1,34,00,000"
330,26-08-2018,Shubh Loans,Fin-Tech,Bengaluru,"Saama Capital, SRI Capital, Beenext, and Pravega Ventures",Private Equity,"42,00,000"
331,27-08-2018,MyUpchar,Healthcare,Delhi,"Nexus Venture Partners, Omidyar Network and Shunwei Capital",Private Equity,"50,00,000"
332,28-08-2018,Narvar,IT,Bengaluru,Accel (formerly known as Accel Partners),Private Equity,"30,00,000"
333,30-08-2018,True North,Finance,Mumbai,N/A,Private Equity,"60,00,00,000"
334,01-07-2018,Leena AI,Technology,Gurugram,Y Combinator,Seed/ Angel Funding,N/A
335,02-07-2018,Biryani By Kilo,Consumer Internet,Gurugram,Ajay Relan and Vinay Mittal,Seed/ Angel Funding,"10,00,000"
336,04-07-2018,Anchanto,IT,Pune,MDI Ventures & Telkom Indonesia,Private Equity,"40,00,000"
337,05/072018,Loan Tap,Consumer Internet,Mumbai,"Shunwei Capital, Tuscan Ventures, Ashish Goenka, VC firms India Quotient and Kae Capital ",Private Equity,"62,50,000"
338,06-07-2018,PolicyBazaar,Consumer Internet,Gurugram,Info Edge (India) Ltd and Temasek,Private Equity,"2,77,00,000"
339,09-07-2018,zippserv,Consumer Internet,Bengaluru,Info Edge (India) Ltd,Seed/ Angel Funding,"4,40,000"
340,09-07-2018,Groww,Consumer Internet,Bengaluru,"Insignia Ventures Partners, Lightbridge Partners & Kairos",Seed/ Angel Funding,"11,00,000"
341,10-07-2018,Avenue Growth,Consumer Internet,Gurugram,"Avtar Monga, chief operating office at IDFC Bank, Aditya Malik & Others",Seed/ Angel Funding,"4,37,000"
342,10-07-2018,iNICU,Healthcare,Delhi,Venture Catalysts,Seed/ Angel Funding,N/A
343,10-07-2018,Kinara Capital,Finance,Bengaluru,ResponsAbility,Private Equity,"50,00,000"
344,10-07-2018,Shop 101,Consumer Internet,Mumbai,"Stellaris Venture Partners, Vy Capital, Raghunandan G, and Ramakant Sharma ",Private Equity,"50,00,000"
345,11-07-2018,Sambandh,Consumer Internet,Rourkela,Base of Pyramid Asia (BOPA) Pte Ltd,Private Equity,"25,00,000"
346,12-07-2018,19th mile,IT,Gurugram,"Rishi Vasudev, Excelsior Investments, Ritesh Vohra, Praveer Kumar, Prashant Gupta and Others",Seed/ Angel Funding,"1,80,000"
347,12-07-2018,5th Vital,Healthcare,Bengaluru,Brand Capital and Others,Seed/ Angel Funding,"5,00,000"
348,13-07-2018,MEngage,Healthcare,Jaipur,"Siddharth Agarwal, Mahavir Sharma, Amit Singal, 100 Co-founders Lab and others.",Seed/ Angel Funding,"1,75,000"
349,17-07-2018,Ofbusiness,Finance,Gurugram,"Creation Investments, Falcon Edge, Matrix Partners India and Zodius Capital ",Private Equity,"2,90,00,000"
350,17-07-2018,Cars24,Consumer Internet,Gurugram,"Kingsway FCI Fund, KCK Global & Others",Private Equity,"4,97,00,000"
351,18-07-2018,The Ken,Consumer Internet,Bengaluru,Omidyar Network & Others,Seed/ Angel Funding,"15,00,000"
352,19-07-2018,Book My Show,Consumer Internet,Mumbai,"TPG Growth, The Rise Fund & Others",Private Equity,"10,00,00,000"
353,20-07-2018,HousingMan,Consumer Internet,Bengaluru,N/A,Seed/ Angel Funding,"15,00,000"
354,21-07-2018,PaySense,Consumer Internet,Mumbai,PayU & Others,Private Equity,"1,80,00,000"
355,23-07-2018,Yulu Bikes,Technology,Bengaluru,N/A,Seed/ Angel Funding,N/A
356,23-07-2018,VTION,Technology,Gurugram,"AngelList, Rahul Khanna, Rajeev Arora and Ram Ramsundar.",Seed/ Angel Funding,"2,80,000"
357,23-07-2018,Log9 Materials,Technology,Bengaluru,"Metaform Ventures, Hemant Luthra, Micro venture capital firm GEMS Partners and Others",Seed/ Angel Funding,"4,36,000"
358,24-07-2018,kidovators,Ed-Tech,Bengaluru,Gray Matters,Seed/ Angel Funding,"1,80,000"
359,24-07-2018,Digit,Consumer Internet,Pune,Fairfax,Private Equity,"4,50,00,000"
360,25-07-2018,Black Soil,Finance,Mumbai,"Allcargo Logistics, Navneet Education and Mahavir Agency",Private Equity,"1,70,00,000"
361,25-07-2018,Trell,Consumer Internet,Bengaluru,"BeeNext , WEH Ventures and Sprout Ventures",Seed/ Angel Funding,"12,50,000"
362,25-07-2018,iqlect,Technology,Bengaluru,Ventureast and Exfinity,Seed/ Angel Funding,"25,00,000"
363,26-07-2018,Entropik,IT,Bengaluru,"Bharat Innovation, IDFC-Parampara Capital, Arthavida Ventures, Jitendra Gupta & Others",Seed/ Angel Funding,"11,00,000"
364,26-07-2018,Bitla Software,Technology,Bengaluru,MakeMyTrip,Private Equity,N/A
365,26-07-2018,TheCapitalNet,Fin-Tech,Hyderabad,Lindwall Family Investments LLC (LFI),Private Equity,"5,00,000"
366,30-07-2018,Shuttl,Consumer Internet,Gurugram,Amazon Alexa Fund & Dentsu Ventures,Private Equity,"1,10,00,000"
367,30-07-2018,Cure Fit,Consumer Internet,Bengaluru,"IDG Ventures, Accel Partners, Kalaari Capital and Others",Private Equity,"12,00,00,000"
368,31-07-2018,Five Star Group,Fin-Tech,Chennai,"TPG, Norwest Venture Partners, Sequoia Capital & Matrix Partners",Private Equity,"10,00,00,000"
369,31-07-2018,Healthsignz,Healthcare,Hyderabad,Kantilal Patel,Seed/ Angel Funding,"50,00,000"
370,01-10-2018,Northmist,Fashion,Delhi,Prashant Jaiswal,Seed/ Angel Funding,N/A
371,02-10-2018,Origo Commodities India Pvt. Ltd,Logistics,Hyderabad,"Cooperative Oikocredit, Caspian and Hivos-Triodos Fund ",Seed/ Angel Funding,"1,10,00,000"
372,04-10-2018,Grover Zampa,Food,Mumbai,Ravi Viswanathan,Private Equity,"82,00,000"
373,05-10-2018,Droom,Automobile,Gurgaon,ZigExN,Series E,"30,00,000"
374,11-10-2018,Innov8,Real Estate,New Delhi,Credence Family Office,Pre-Series A,"40,00,000"
375,12-10-2018,Blackbuck,Logistics Tech,Bengaluru,Sequoia Capital India,Private Funding,"1,46,80,000"
376,12-10-2018,LetsTransport,Logistics Tech,Bengaluru,Fosun International,Series C,"1,20,00,000"
377,01-09-2018,Netmeds,Consumer Internet,Chennai,"Sistema Asia Fund, Sistema JSFC and Tanncam Investment",Private Equity,"3,50,00,000"
378,03-09-2018,Udaan,B2B Platform,Bengaluru,DST Global and Lightspeed Venture Partners’ global fund.,Private Equity,"22,50,00,000"
379,03-09-2018,Daily hunt,Consumer Internet,Bengaluru,Falcon Edge,Private Equity,"63,90,000"
380,04-09-2018,3HCare,Healthcare,Delhi,N/A,Seed / Angel Funding,"10,00,000"
381,04-09-2018,HappyGoEasy,Consumer Internet,Gurugram,"Korea Investment Partners (KIP), Samsung and China-based CITIC Capital and others",Private Equity,N/A
382,05-09-2018,Nykaa,Consumer Internet,Mumbai,Lighthouse,Private Equity,"15,72,00,000"
383,05-09-2018,Mad Street Den,Technology,Chennai,KDDI ,Private Equity,N/A
384,06-09-2018,Dream11,Consumer Internet,Mumbai,"Tencent, Kalaari Capital and Private equity firm Multiples Alternate Asset Management",Private Equity,"10,00,00,000"
385,10-09-2018,MamaEarth,Healthcare,Gurugram,Stellaris Ventures & Others,Private Equity,"40,00,000"
386,11-09-2018,AutoGrid,Technology,Bengaluru,"CLP Holdings Group, Innogy, Ørstead, and Tenaska",Private Equity,"3,20,00,000"
387,11-09-2018,Pharmeasy,Consumer Internet,Mumbai,InnoVen Capital,Debt Funding,"55,00,000"
388,11-09-2018,Upwards,Fin-Tech,Mumbai,"Shunwei Capital,Quotient, Mayfield & Others",Private Equity,"50,00,000"
389,12-09-2018,Kissht,Fin-Tech,Mumbai,"Vertex Ventures Southeast Asia (SEA) and India and Sistema Asia Fund, Fosun RZ Capital, Ventureast, and Endiya Partners.

",Private Equity,"3,00,00,000"
390,,,,,,,
391,01-08-2018,dishq,Food-Tech,Bengaluru,"Farm To Fork, Arts Alliance, The Syndicate Fund, Sven Hensen, Zeroth and Artesian Venture Partners ",Seed/ Angel Funding,"4,00,000"
392,01-08-2018,HealthFin,Finance,Pune,"Axilor, Sprout Venture Partners and others",Seed/ Angel Funding,N/A
393,02-08-2018,Samosa Labs,Consumer Internet,Hyderabad,Xiaomi and Sequoia Capital India,Private Equity,"70,00,000"
394,03-08-2018,ZiffyHomes,Consumer Internet,Gurugram,Y Combinator,Private Equity,"1,20,000"
395,07-08-2018,My OmNamo,Consumer Internet,Mumbai,N/A,Seed/ Angel Funding,"10,00,000"
396,07-08-2018,ShopX,Consumer Internet,Bengaluru,Fung Strategic Holdings,Private Equity,"3,50,00,000"
397,07-08-2018,MakeMyTrip,Consumer Internet,Gurugram,MakeMyTrip Limited,Private Equity,"1,00,00,000"
398,08-08-2018,Hansel io,Consumer Internet,Bengaluru,Vertex Ventures,Seed/ Angel Funding,"40,00,000"
399,08-08-2018,Metro Bikes,Consumer Internet,Bengaluru,"Sequoia Capital India Advisors, Accel Partners and G Raghunandan",Private Equity,"1,22,00,000"
400,08-08-2018,Phone Pe,Consumer Internet,Bengaluru,Flipkart,Private Equity,"6,60,00,000"
401,09-08-2018,quizizz,Ed-Tech,Bengaluru,"Nexus Venture Partners, Prime Venture Partners and Others",Seed/ Angel Funding,"30,00,000"
402,09-08-2018,Happy EMI,Fin-Tech,Bengaluru,AJ Ventures and Jain International Trade Organisation (JITO),Seed/ Angel Funding,"10,00,000"
403,13-08-2018,Inthree,Consumer Internet,Chennai,"Ventureast, Orios Venture Partners and the IAN Fund",Seed/ Angel Funding,"40,00,000"
404,13-08-2018,Observe AI,Technology,Bengaluru,"Nexus Venture Partners, MGV, Liquid 2 Ventures, Hack VC, Emergent Ventures and Y Combinator",Private Equity,"80,00,000"
405,16-08-2018,Enakshi,Consumer Internet,Ahemadabad,N/A,Seed/ Angel Funding,"1,14,811"
406,17-08-2018,EazyDiner,Consumer Internet,Gurugram,Denlow Investment Trust and Beenext,Private Equity,"58,50,000"
407,20-08-2018,Finzy,Finance,Bengaluru,N/A,Seed / Angel Funding,"10,00,000"
408,20-08-2018,RawPressery,Consumer Internet,Mumbai,Alteria Capital,Debt Funding,"48,00,000"
409,22-08-2018,Pi Ventures,Technology,Bengaluru,CDC Group plc ,Private Equity,"60,00,000"
410,22-08-2018,Revv,Consumer Internet,Gurugram,"Hyundai, Edelweiss and Beenext, Dream Incubator, Sunjay Kapoor and Telama Investment",Private Equity,"1,42,70,000"
411,26-08-2018,ZestMoney,Consumer Internet,Bengaluru,"Xiaomi,PayU, Ribbit Capital and Omidyar Network ",Private Equity,"1,34,00,000"
412,26-08-2018,Shubh Loans,Fin-Tech,Bengaluru,"Saama Capital, SRI Capital, Beenext, and Pravega Ventures",Private Equity,"42,00,000"
413,27-08-2018,MyUpchar,Healthcare,Delhi,"Nexus Venture Partners, Omidyar Network and Shunwei Capital",Private Equity,"50,00,000"
414,28-08-2018,Narvar,IT,Bengaluru,Accel (formerly known as Accel Partners),Private Equity,"30,00,000"
415,30-08-2018,True North,Finance,Mumbai,N/A,Private Equity,"60,00,00,000"
416,01-07-2018,Leena AI,Technology,Gurugram,Y Combinator,Seed/ Angel Funding,N/A
417,02-07-2018,Biryani By Kilo,Consumer Internet,Gurugram,Ajay Relan and Vinay Mittal,Seed/ Angel Funding,"10,00,000"
418,04-07-2018,Anchanto,IT,Pune,MDI Ventures & Telkom Indonesia,Private Equity,"40,00,000"
419,05/072018,Loan Tap,Consumer Internet,Mumbai,"Shunwei Capital, Tuscan Ventures, Ashish Goenka, VC firms India Quotient and Kae Capital ",Private Equity,"62,50,000"
420,06-07-2018,PolicyBazaar,Consumer Internet,Gurugram,Info Edge (India) Ltd and Temasek,Private Equity,"2,77,00,000"
421,09-07-2018,zippserv,Consumer Internet,Bengaluru,Info Edge (India) Ltd,Seed/ Angel Funding,"4,40,000"
422,09-07-2018,Groww,Consumer Internet,Bengaluru,"Insignia Ventures Partners, Lightbridge Partners & Kairos",Seed/ Angel Funding,"11,00,000"
423,10-07-2018,Avenue Growth,Consumer Internet,Gurugram,"Avtar Monga, chief operating office at IDFC Bank, Aditya Malik & Others",Seed/ Angel Funding,"4,37,000"
424,10-07-2018,iNICU,Healthcare,Delhi,Venture Catalysts,Seed/ Angel Funding,N/A
425,10-07-2018,Kinara Capital,Finance,Bengaluru,ResponsAbility,Private Equity,"50,00,000"
426,10-07-2018,Shop 101,Consumer Internet,Mumbai,"Stellaris Venture Partners, Vy Capital, Raghunandan G, and Ramakant Sharma ",Private Equity,"50,00,000"
427,11-07-2018,Sambandh,Consumer Internet,Rourkela,Base of Pyramid Asia (BOPA) Pte Ltd,Private Equity,"25,00,000"
428,12-07-2018,19th mile,IT,Gurugram,"Rishi Vasudev, Excelsior Investments, Ritesh Vohra, Praveer Kumar, Prashant Gupta and Others",Seed/ Angel Funding,"1,80,000"
429,12-07-2018,5th Vital,Healthcare,Bengaluru,Brand Capital and Others,Seed/ Angel Funding,"5,00,000"
430,13-07-2018,MEngage,Healthcare,Jaipur,"Siddharth Agarwal, Mahavir Sharma, Amit Singal, 100 Co-founders Lab and others.",Seed/ Angel Funding,"1,75,000"
431,17-07-2018,Ofbusiness,Finance,Gurugram,"Creation Investments, Falcon Edge, Matrix Partners India and Zodius Capital ",Private Equity,"2,90,00,000"
432,17-07-2018,Cars24,Consumer Internet,Gurugram,"Kingsway FCI Fund, KCK Global & Others",Private Equity,"4,97,00,000"
433,18-07-2018,The Ken,Consumer Internet,Bengaluru,Omidyar Network & Others,Seed/ Angel Funding,"15,00,000"
434,19-07-2018,Book My Show,Consumer Internet,Mumbai,"TPG Growth, The Rise Fund & Others",Private Equity,"10,00,00,000"
435,20-07-2018,HousingMan,Consumer Internet,Bengaluru,N/A,Seed/ Angel Funding,"15,00,000"
436,21-07-2018,PaySense,Consumer Internet,Mumbai,PayU & Others,Private Equity,"1,80,00,000"
437,23-07-2018,Yulu Bikes,Technology,Bengaluru,N/A,Seed/ Angel Funding,N/A
438,23-07-2018,VTION,Technology,Gurugram,"AngelList, Rahul Khanna, Rajeev Arora and Ram Ramsundar.",Seed/ Angel Funding,"2,80,000"
439,23-07-2018,Log9 Materials,Technology,Bengaluru,"Metaform Ventures, Hemant Luthra, Micro venture capital firm GEMS Partners and Others",Seed/ Angel Funding,"4,36,000"
440,24-07-2018,kidovators,Ed-Tech,Bengaluru,Gray Matters,Seed/ Angel Funding,"1,80,000"
441,24-07-2018,Digit,Consumer Internet,Pune,Fairfax,Private Equity,"4,50,00,000"
442,25-07-2018,Black Soil,Finance,Mumbai,"Allcargo Logistics, Navneet Education and Mahavir Agency",Private Equity,"1,70,00,000"
443,25-07-2018,Trell,Consumer Internet,Bengaluru,"BeeNext , WEH Ventures and Sprout Ventures",Seed/ Angel Funding,"12,50,000"
444,25-07-2018,iqlect,Technology,Bengaluru,Ventureast and Exfinity,Seed/ Angel Funding,"25,00,000"
445,26-07-2018,Entropik,IT,Bengaluru,"Bharat Innovation, IDFC-Parampara Capital, Arthavida Ventures, Jitendra Gupta & Others",Seed/ Angel Funding,"11,00,000"
446,26-07-2018,Bitla Software,Technology,Bengaluru,MakeMyTrip,Private Equity,N/A
447,26-07-2018,TheCapitalNet,Fin-Tech,Hyderabad,Lindwall Family Investments LLC (LFI),Private Equity,"5,00,000"
448,30-07-2018,Shuttl,Consumer Internet,Gurugram,Amazon Alexa Fund & Dentsu Ventures,Private Equity,"1,10,00,000"
449,30-07-2018,Cure Fit,Consumer Internet,Bengaluru,"IDG Ventures, Accel Partners, Kalaari Capital and Others",Private Equity,"12,00,00,000"
450,31-07-2018,Five Star Group,Fin-Tech,Chennai,"TPG, Norwest Venture Partners, Sequoia Capital & Matrix Partners",Private Equity,"10,00,00,000"
451,31-07-2018,Healthsignz,Healthcare,Hyderabad,Kantilal Patel,Seed/ Angel Funding,"50,00,000"
452,01-10-2018,Northmist,Fashion,Delhi,Prashant Jaiswal,Seed/ Angel Funding,N/A
453,02-10-2018,Origo Commodities India Pvt. Ltd,Logistics,Hyderabad,"Cooperative Oikocredit, Caspian and Hivos-Triodos Fund ",Seed/ Angel Funding,"1,10,00,000"
454,04-10-2018,Grover Zampa,Food,Mumbai,Ravi Viswanathan,Private Equity,"82,00,000"
455,05-10-2018,Droom,Automobile,Gurgaon,ZigExN,Series E,"30,00,000"
456,11-10-2018,Innov8,Real Estate,New Delhi,Credence Family Office,Pre-Series A,"40,00,000"
457,12-10-2018,Blackbuck,Logistics Tech,Bengaluru,Sequoia Capital India,Private Funding,"1,46,80,000"
458,12-10-2018,LetsTransport,Logistics Tech,Bengaluru,Fosun International,Series C,"1,20,00,000"
459,01-09-2018,Netmeds,Consumer Internet,Chennai,"Sistema Asia Fund, Sistema JSFC and Tanncam Investment",Private Equity,"3,50,00,000"
460,03-09-2018,Udaan,B2B Platform,Bengaluru,DST Global and Lightspeed Venture Partners’ global fund.,Private Equity,"22,50,00,000"
461,03-09-2018,Daily hunt,Consumer Internet,Bengaluru,Falcon Edge,Private Equity,"63,90,000"
462,04-09-2018,3HCare,Healthcare,Delhi,N/A,Seed / Angel Funding,"10,00,000"
463,04-09-2018,HappyGoEasy,Consumer Internet,Gurugram,"Korea Investment Partners (KIP), Samsung and China-based CITIC Capital and others",Private Equity,N/A
464,05-09-2018,Nykaa,Consumer Internet,Mumbai,Lighthouse,Private Equity,"15,72,00,000"
465,05-09-2018,Mad Street Den,Technology,Chennai,KDDI ,Private Equity,N/A
466,06-09-2018,Dream11,Consumer Internet,Mumbai,"Tencent, Kalaari Capital and Private equity firm Multiples Alternate Asset Management",Private Equity,"10,00,00,000"
467,10-09-2018,MamaEarth,Healthcare,Gurugram,Stellaris Ventures & Others,Private Equity,"40,00,000"
468,11-09-2018,AutoGrid,Technology,Bengaluru,"CLP Holdings Group, Innogy, Ørstead, and Tenaska",Private Equity,"3,20,00,000"
469,11-09-2018,Pharmeasy,Consumer Internet,Mumbai,InnoVen Capital,Debt Funding,"55,00,000"
470,11-09-2018,Upwards,Fin-Tech,Mumbai,"Shunwei Capital,Quotient, Mayfield & Others",Private Equity,"50,00,000"
471,12-09-2018,Kissht,Fin-Tech,Mumbai,"Vertex Ventures Southeast Asia (SEA) and India and Sistema Asia Fund, Fosun RZ Capital, Ventureast, and Endiya Partners.

",Private Equity,"3,00,00,000"
472,,,,,,,
473,01-08-2018,dishq,Food-Tech,Bengaluru,"Farm To Fork, Arts Alliance, The Syndicate Fund, Sven Hensen, Zeroth and Artesian Venture Partners ",Seed/ Angel Funding,"4,00,000"
474,01-08-2018,HealthFin,Finance,Pune,"Axilor, Sprout Venture Partners and others",Seed/ Angel Funding,N/A
475,02-08-2018,Samosa Labs,Consumer Internet,Hyderabad,Xiaomi and Sequoia Capital India,Private Equity,"70,00,000"
476,03-08-2018,ZiffyHomes,Consumer Internet,Gurugram,Y Combinator,Private Equity,"1,20,000"
477,07-08-2018,My OmNamo,Consumer Internet,Mumbai,N/A,Seed/ Angel Funding,"10,00,000"
478,07-08-2018,ShopX,Consumer Internet,Bengaluru,Fung Strategic Holdings,Private Equity,"3,50,00,000"
479,07-08-2018,MakeMyTrip,Consumer Internet,Gurugram,MakeMyTrip Limited,Private Equity,"1,00,00,000"
480,08-08-2018,Hansel io,Consumer Internet,Bengaluru,Vertex Ventures,Seed/ Angel Funding,"40,00,000"
481,08-08-2018,Metro Bikes,Consumer Internet,Bengaluru,"Sequoia Capital India Advisors, Accel Partners and G Raghunandan",Private Equity,"1,22,00,000"
482,08-08-2018,Phone Pe,Consumer Internet,Bengaluru,Flipkart,Private Equity,"6,60,00,000"
483,09-08-2018,quizizz,Ed-Tech,Bengaluru,"Nexus Venture Partners, Prime Venture Partners and Others",Seed/ Angel Funding,"30,00,000"
484,09-08-2018,Happy EMI,Fin-Tech,Bengaluru,AJ Ventures and Jain International Trade Organisation (JITO),Seed/ Angel Funding,"10,00,000"
485,13-08-2018,Inthree,Consumer Internet,Chennai,"Ventureast, Orios Venture Partners and the IAN Fund",Seed/ Angel Funding,"40,00,000"
486,13-08-2018,Observe AI,Technology,Bengaluru,"Nexus Venture Partners, MGV, Liquid 2 Ventures, Hack VC, Emergent Ventures and Y Combinator",Private Equity,"80,00,000"
487,16-08-2018,Enakshi,Consumer Internet,Ahemadabad,N/A,Seed/ Angel Funding,"1,14,811"
488,17-08-2018,EazyDiner,Consumer Internet,Gurugram,Denlow Investment Trust and Beenext,Private Equity,"58,50,000"
489,20-08-2018,Finzy,Finance,Bengaluru,N/A,Seed / Angel Funding,"10,00,000"
490,20-08-2018,RawPressery,Consumer Internet,Mumbai,Alteria Capital,Debt Funding,"48,00,000"
491,22-08-2018,Pi Ventures,Technology,Bengaluru,CDC Group plc ,Private Equity,"60,00,000"
492,22-08-2018,Revv,Consumer Internet,Gurugram,"Hyundai, Edelweiss and Beenext, Dream Incubator, Sunjay Kapoor and Telama Investment",Private Equity,"1,42,70,000"
493,26-08-2018,ZestMoney,Consumer Internet,Bengaluru,"Xiaomi,PayU, Ribbit Capital and Omidyar Network ",Private Equity,"1,34,00,000"
494,26-08-2018,Shubh Loans,Fin-Tech,Bengaluru,"Saama Capital, SRI Capital, Beenext, and Pravega Ventures",Private Equity,"42,00,000"
495,27-08-2018,MyUpchar,Healthcare,Delhi,"Nexus Venture Partners, Omidyar Network and Shunwei Capital",Private Equity,"50,00,000"
496,28-08-2018,Narvar,IT,Bengaluru,Accel (formerly known as Accel Partners),Private Equity,"30,00,000"
497,30-08-2018,True North,Finance,Mumbai,N/A,Private Equity,"60,00,00,000"
498,01-07-2018,Leena AI,Technology,Gurugram,Y Combinator,Seed/ Angel Funding,N/A
499,02-07-2018,Biryani By Kilo,Consumer Internet,Gurugram,Ajay Relan and Vinay Mittal,Seed/ Angel Funding,"10,00,000"
500,04-07-2018,Anchanto,IT,Pune,MDI Ventures & Telkom Indonesia,Private Equity,"40,00,000"
501,05/072018,Loan Tap,Consumer Internet,Mumbai,"Shunwei Capital, Tuscan Ventures, Ashish Goenka, VC firms India Quotient and Kae Capital ",Private Equity,"62,50,000"
502,06-07-2018,PolicyBazaar,Consumer Internet,Gurugram,Info Edge (India) Ltd and Temasek,Private Equity,"2,77,00,000"
503,09-07-2018,zippserv,Consumer Internet,Bengaluru,Info Edge (India) Ltd,Seed/ Angel Funding,"4,40,000"
504,09-07-2018,Groww,Consumer Internet,Bengaluru,"Insignia Ventures Partners, Lightbridge Partners & Kairos",Seed/ Angel Funding,"11,00,000"
505,10-07-2018,Avenue Growth,Consumer Internet,Gurugram,"Avtar Monga, chief operating office at IDFC Bank, Aditya Malik & Others",Seed/ Angel Funding,"4,37,000"
506,10-07-2018,iNICU,Healthcare,Delhi,Venture Catalysts,Seed/ Angel Funding,N/A
507,10-07-2018,Kinara Capital,Finance,Bengaluru,ResponsAbility,Private Equity,"50,00,000"
508,10-07-2018,Shop 101,Consumer Internet,Mumbai,"Stellaris Venture Partners, Vy Capital, Raghunandan G, and Ramakant Sharma ",Private Equity,"50,00,000"
509,11-07-2018,Sambandh,Consumer Internet,Rourkela,Base of Pyramid Asia (BOPA) Pte Ltd,Private Equity,"25,00,000"
510,12-07-2018,19th mile,IT,Gurugram,"Rishi Vasudev, Excelsior Investments, Ritesh Vohra, Praveer Kumar, Prashant Gupta and Others",Seed/ Angel Funding,"1,80,000"
511,12-07-2018,5th Vital,Healthcare,Bengaluru,Brand Capital and Others,Seed/ Angel Funding,"5,00,000"
512,13-07-2018,MEngage,Healthcare,Jaipur,"Siddharth Agarwal, Mahavir Sharma, Amit Singal, 100 Co-founders Lab and others.",Seed/ Angel Funding,"1,75,000"
513,17-07-2018,Ofbusiness,Finance,Gurugram,"Creation Investments, Falcon Edge, Matrix Partners India and Zodius Capital ",Private Equity,"2,90,00,000"
514,17-07-2018,Cars24,Consumer Internet,Gurugram,"Kingsway FCI Fund, KCK Global & Others",Private Equity,"4,97,00,000"
515,18-07-2018,The Ken,Consumer Internet,Bengaluru,Omidyar Network & Others,Seed/ Angel Funding,"15,00,000"
516,19-07-2018,Book My Show,Consumer Internet,Mumbai,"TPG Growth, The Rise Fund & Others",Private Equity,"10,00,00,000"
517,20-07-2018,HousingMan,Consumer Internet,Bengaluru,N/A,Seed/ Angel Funding,"15,00,000"
518,21-07-2018,PaySense,Consumer Internet,Mumbai,PayU & Others,Private Equity,"1,80,00,000"
519,23-07-2018,Yulu Bikes,Technology,Bengaluru,N/A,Seed/ Angel Funding,N/A
520,23-07-2018,VTION,Technology,Gurugram,"AngelList, Rahul Khanna, Rajeev Arora and Ram Ramsundar.",Seed/ Angel Funding,"2,80,000"
521,23-07-2018,Log9 Materials,Technology,Bengaluru,"Metaform Ventures, Hemant Luthra, Micro venture capital firm GEMS Partners and Others",Seed/ Angel Funding,"4,36,000"
522,24-07-2018,kidovators,Ed-Tech,Bengaluru,Gray Matters,Seed/ Angel Funding,"1,80,000"
523,24-07-2018,Digit,Consumer Internet,Pune,Fairfax,Private Equity,"4,50,00,000"
524,25-07-2018,Black Soil,Finance,Mumbai,"Allcargo Logistics, Navneet Education and Mahavir Agency",Private Equity,"1,70,00,000"
525,25-07-2018,Trell,Consumer Internet,Bengaluru,"BeeNext , WEH Ventures and Sprout Ventures",Seed/ Angel Funding,"12,50,000"
526,25-07-2018,iqlect,Technology,Bengaluru,Ventureast and Exfinity,Seed/ Angel Funding,"25,00,000"
527,26-07-2018,Entropik,IT,Bengaluru,"Bharat Innovation, IDFC-Parampara Capital, Arthavida Ventures, Jitendra Gupta & Others",Seed/ Angel Funding,"11,00,000"
528,26-07-2018,Bitla Software,Technology,Bengaluru,MakeMyTrip,Private Equity,N/A
529,26-07-2018,TheCapitalNet,Fin-Tech,Hyderabad,Lindwall Family Investments LLC (LFI),Private Equity,"5,00,000"
530,30-07-2018,Shuttl,Consumer Internet,Gurugram,Amazon Alexa Fund & Dentsu Ventures,Private Equity,"1,10,00,000"
531,30-07-2018,Cure Fit,Consumer Internet,Bengaluru,"IDG Ventures, Accel Partners, Kalaari Capital and Others",Private Equity,"12,00,00,000"
532,31-07-2018,Five Star Group,Fin-Tech,Chennai,"TPG, Norwest Venture Partners, Sequoia Capital & Matrix Partners",Private Equity,"10,00,00,000"
533,31-07-2018,Healthsignz,Healthcare,Hyderabad,Kantilal Patel,Seed/ Angel Funding,"50,00,000"
534,01-10-2018,Northmist,Fashion,Delhi,Prashant Jaiswal,Seed/ Angel Funding,N/A
535,02-10-2018,Origo Commodities India Pvt. Ltd,Logistics,Hyderabad,"Cooperative Oikocredit, Caspian and Hivos-Triodos Fund ",Seed/ Angel Funding,"1,10,00,000"
536,04-10-2018,Grover Zampa,Food,Mumbai,Ravi Viswanathan,Private Equity,"82,00,000"
537,05-10-2018,Droom,Automobile,Gurgaon,ZigExN,Series E,"30,00,000"
538,11-10-2018,Innov8,Real Estate,New Delhi,Credence Family Office,Pre-Series A,"40,00,000"
539,12-10-2018,Blackbuck,Logistics Tech,Bengaluru,Sequoia Capital India,Private Funding,"1,46,80,000"
540,12-10-2018,LetsTransport,Logistics Tech,Bengaluru,Fosun International,Series C,"1,20,00,000"
541,01-09-2018,Netmeds,Consumer Internet,Chennai,"Sistema Asia Fund, Sistema JSFC and Tanncam Investment",Private Equity,"3,50,00,000"
542,03-09-2018,Udaan,B2B Platform,Bengaluru,DST Global and Lightspeed Venture Partners’ global fund.,Private Equity,"22,50,00,000"
543,03-09-2018,Daily hunt,Consumer Internet,Bengaluru,Falcon Edge,Private Equity,"63,90,000"
544,04-09-2018,3HCare,Healthcare,Delhi,N/A,Seed / Angel Funding,"10,00,000"
545,04-09-2018,HappyGoEasy,Consumer Internet,Gurugram,"Korea Investment Partners (KIP), Samsung and China-based CITIC Capital and others",Private Equity,N/A
546,05-09-2018,Nykaa,Consumer Internet,Mumbai,Lighthouse,Private Equity,"15,72,00,000"
547,05-09-2018,Mad Street Den,Technology,Chennai,KDDI ,Private Equity,N/A
548,06-09-2018,Dream11,Consumer Internet,Mumbai,"Tencent, Kalaari Capital and Private equity firm Multiples Alternate Asset Management",Private Equity,"10,00,00,000"
549,10-09-2018,MamaEarth,Healthcare,Gurugram,Stellaris Ventures & Others,Private Equity,"40,00,000"
550,11-09-2018,AutoGrid,Technology,Bengaluru,"CLP Holdings Group, Innogy, Ørstead, and Tenaska",Private Equity,"3,20,00,000"
551,11-09-2018,Pharmeasy,Consumer Internet,Mumbai,InnoVen Capital,Debt Funding,"55,00,000"
552,11-09-2018,Upwards,Fin-Tech,Mumbai,"Shunwei Capital,Quotient, Mayfield & Others",Private Equity,"50,00,000"
553,12-09-2018,Kissht,Fin-Tech,Mumbai,"Vertex Ventures Southeast Asia (SEA) and India and Sistema Asia Fund, Fosun RZ Capital, Ventureast, and Endiya Partners.

",Private Equity,"3,00,00,000"
554,,,,,,,
555,01-08-2018,dishq,Food-Tech,Bengaluru,"Farm To Fork, Arts Alliance, The Syndicate Fund, Sven Hensen, Zeroth and Artesian Venture Partners ",Seed/ Angel Funding,"4,00,000"
556,01-08-2018,HealthFin,Finance,Pune,"Axilor, Sprout Venture Partners and others",Seed/ Angel Funding,N/A
557,02-08-2018,Samosa Labs,Consumer Internet,Hyderabad,Xiaomi and Sequoia Capital India,Private Equity,"70,00,000"
558,03-08-2018,ZiffyHomes,Consumer Internet,Gurugram,Y Combinator,Private Equity,"1,20,000"
559,07-08-2018,My OmNamo,Consumer Internet,Mumbai,N/A,Seed/ Angel Funding,"10,00,000"
560,07-08-2018,ShopX,Consumer Internet,Bengaluru,Fung Strategic Holdings,Private Equity,"3,50,00,000"
561,07-08-2018,MakeMyTrip,Consumer Internet,Gurugram,MakeMyTrip Limited,Private Equity,"1,00,00,000"
562,08-08-2018,Hansel io,Consumer Internet,Bengaluru,Vertex Ventures,Seed/ Angel Funding,"40,00,000"
563,08-08-2018,Metro Bikes,Consumer Internet,Bengaluru,"Sequoia Capital India Advisors, Accel Partners and G Raghunandan",Private Equity,"1,22,00,000"
564,08-08-2018,Phone Pe,Consumer Internet,Bengaluru,Flipkart,Private Equity,"6,60,00,000"
565,09-08-2018,quizizz,Ed-Tech,Bengaluru,"Nexus Venture Partners, Prime Venture Partners and Others",Seed/ Angel Funding,"30,00,000"
566,09-08-2018,Happy EMI,Fin-Tech,Bengaluru,AJ Ventures and Jain International Trade Organisation (JITO),Seed/ Angel Funding,"10,00,000"
567,13-08-2018,Inthree,Consumer Internet,Chennai,"Ventureast, Orios Venture Partners and the IAN Fund",Seed/ Angel Funding,"40,00,000"
568,13-08-2018,Observe AI,Technology,Bengaluru,"Nexus Venture Partners, MGV, Liquid 2 Ventures, Hack VC, Emergent Ventures and Y Combinator",Private Equity,"80,00,000"
569,16-08-2018,Enakshi,Consumer Internet,Ahemadabad,N/A,Seed/ Angel Funding,"1,14,811"
570,17-08-2018,EazyDiner,Consumer Internet,Gurugram,Denlow Investment Trust and Beenext,Private Equity,"58,50,000"
571,20-08-2018,Finzy,Finance,Bengaluru,N/A,Seed / Angel Funding,"10,00,000"
572,20-08-2018,RawPressery,Consumer Internet,Mumbai,Alteria Capital,Debt Funding,"48,00,000"
573,22-08-2018,Pi Ventures,Technology,Bengaluru,CDC Group plc ,Private Equity,"60,00,000"
574,22-08-2018,Revv,Consumer Internet,Gurugram,"Hyundai, Edelweiss and Beenext, Dream Incubator, Sunjay Kapoor and Telama Investment",Private Equity,"1,42,70,000"
575,26-08-2018,ZestMoney,Consumer Internet,Bengaluru,"Xiaomi,PayU, Ribbit Capital and Omidyar Network ",Private Equity,"1,34,00,000"
576,26-08-2018,Shubh Loans,Fin-Tech,Bengaluru,"Saama Capital, SRI Capital, Beenext, and Pravega Ventures",Private Equity,"42,00,000"
577,27-08-2018,MyUpchar,Healthcare,Delhi,"Nexus Venture Partners, Omidyar Network and Shunwei Capital",Private Equity,"50,00,000"
578,28-08-2018,Narvar,IT,Bengaluru,Accel (formerly known as Accel Partners),Private Equity,"30,00,000"
579,30-08-2018,True North,Finance,Mumbai,N/A,Private Equity,"60,00,00,000"
580,01-07-2018,Leena AI,Technology,Gurugram,Y Combinator,Seed/ Angel Funding,N/A
581,02-07-2018,Biryani By Kilo,Consumer Internet,Gurugram,Ajay Relan and Vinay Mittal,Seed/ Angel Funding,"10,00,000"
582,04-07-2018,Anchanto,IT,Pune,MDI Ventures & Telkom Indonesia,Private Equity,"40,00,000"
583,05/072018,Loan Tap,Consumer Internet,Mumbai,"Shunwei Capital, Tuscan Ventures, Ashish Goenka, VC firms India Quotient and Kae Capital ",Private Equity,"62,50,000"
584,06-07-2018,PolicyBazaar,Consumer Internet,Gurugram,Info Edge (India) Ltd and Temasek,Private Equity,"2,77,00,000"
585,09-07-2018,zippserv,Consumer Internet,Bengaluru,Info Edge (India) Ltd,Seed/ Angel Funding,"4,40,000"
586,09-07-2018,Groww,Consumer Internet,Bengaluru,"Insignia Ventures Partners, Lightbridge Partners & Kairos",Seed/ Angel Funding,"11,00,000"
587,10-07-2018,Avenue Growth,Consumer Internet,Gurugram,"Avtar Monga, chief operating office at IDFC Bank, Aditya Malik & Others",Seed/ Angel Funding,"4,37,000"
588,10-07-2018,iNICU,Healthcare,Delhi,Venture Catalysts,Seed/ Angel Funding,N/A
589,10-07-2018,Kinara Capital,Finance,Bengaluru,ResponsAbility,Private Equity,"50,00,000"
590,10-07-2018,Shop 101,Consumer Internet,Mumbai,"Stellaris Venture Partners, Vy Capital, Raghunandan G, and Ramakant Sharma ",Private Equity,"50,00,000"
591,11-07-2018,Sambandh,Consumer Internet,Rourkela,Base of Pyramid Asia (BOPA) Pte Ltd,Private Equity,"25,00,000"
592,12-07-2018,19th mile,IT,Gurugram,"Rishi Vasudev, Excelsior Investments, Ritesh Vohra, Praveer Kumar, Prashant Gupta and Others",Seed/ Angel Funding,"1,80,000"
593,12-07-2018,5th Vital,Healthcare,Bengaluru,Brand Capital and Others,Seed/ Angel Funding,"5,00,000"
594,13-07-2018,MEngage,Healthcare,Jaipur,"Siddharth Agarwal, Mahavir Sharma, Amit Singal, 100 Co-founders Lab and others.",Seed/ Angel Funding,"1,75,000"
595,17-07-2018,Ofbusiness,Finance,Gurugram,"Creation Investments, Falcon Edge, Matrix Partners India and Zodius Capital ",Private Equity,"2,90,00,000"
596,17-07-2018,Cars24,Consumer Internet,Gurugram,"Kingsway FCI Fund, KCK Global & Others",Private Equity,"4,97,00,000"
597,18-07-2018,The Ken,Consumer Internet,Bengaluru,Omidyar Network & Others,Seed/ Angel Funding,"15,00,000"
598,19-07-2018,Book My Show,Consumer Internet,Mumbai,"TPG Growth, The Rise Fund & Others",Private Equity,"10,00,00,000"
599,20-07-2018,HousingMan,Consumer Internet,Bengaluru,N/A,Seed/ Angel Funding,"15,00,000"
600,21-07-2018,PaySense,Consumer Internet,Mumbai,PayU & Others,Private Equity,"1,80,00,000"
601,23-07-2018,Yulu Bikes,Technology,Bengaluru,N/A,Seed/ Angel Funding,N/A
602,23-07-2018,VTION,Technology,Gurugram,"AngelList, Rahul Khanna, Rajeev Arora and Ram Ramsundar.",Seed/ Angel Funding,"2,80,000"
603,23-07-2018,Log9 Materials,Technology,Bengaluru,"Metaform Ventures, Hemant Luthra, Micro venture capital firm GEMS Partners and Others",Seed/ Angel Funding,"4,36,000"
604,24-07-2018,kidovators,Ed-Tech,Bengaluru,Gray Matters,Seed/ Angel Funding,"1,80,000"
605,24-07-2018,Digit,Consumer Internet,Pune,Fairfax,Private Equity,"4,50,00,000"
606,25-07-2018,Black Soil,Finance,Mumbai,"Allcargo Logistics, Navneet Education and Mahavir Agency",Private Equity,"1,70,00,000"
607,25-07-2018,Trell,Consumer Internet,Bengaluru,"BeeNext , WEH Ventures and Sprout Ventures",Seed/ Angel Funding,"12,50,000"
608,25-07-2018,iqlect,Technology,Bengaluru,Ventureast and Exfinity,Seed/ Angel Funding,"25,00,000"
609,26-07-2018,Entropik,IT,Bengaluru,"Bharat Innovation, IDFC-Parampara Capital, Arthavida Ventures, Jitendra Gupta & Others",Seed/ Angel Funding,"11,00,000"
610,26-07-2018,Bitla Software,Technology,Bengaluru,MakeMyTrip,Private Equity,N/A
611,26-07-2018,TheCapitalNet,Fin-Tech,Hyderabad,Lindwall Family Investments LLC (LFI),Private Equity,"5,00,000"
612,30-07-2018,Shuttl,Consumer Internet,Gurugram,Amazon Alexa Fund & Dentsu Ventures,Private Equity,"1,10,00,000"
613,30-07-2018,Cure Fit,Consumer Internet,Bengaluru,"IDG Ventures, Accel Partners, Kalaari Capital and Others",Private Equity,"12,00,00,000"
614,31-07-2018,Five Star Group,Fin-Tech,Chennai,"TPG, Norwest Venture Partners, Sequoia Capital & Matrix Partners",Private Equity,"10,00,00,000"
615,31-07-2018,Healthsignz,Healthcare,Hyderabad,Kantilal Patel,Seed/ Angel Funding,"50,00,000"
